ChefID1,ChefID2,FriendsSince
1,568,2023-05-30
1,648,2023-06-11
1,278,2023-08-22
1,609,2024-10-09
1,101,2023-08-04
1,318,2023-03-01
1,787,2022-12-06
1,38,2024-07-16
1,254,2024-05-29
1,202,2024-01-08
2,746,2023-03-11
2,367,2024-03-01
2,341,2022-12-20
2,370,2023-07-14
2,706,2024-09-12
3,370,2023-09-23
3,195,2024-04-05
3,101,2024-01-13
3,348,2024-09-02
4,490,2023-09-17
4,89,2023-07-13
4,534,2024-03-05
4,280,2023-05-31
4,529,2023-07-21
4,540,2024-02-02
4,217,2024-03-24
4,792,2023-10-19
4,155,2023-10-22
4,505,2023-12-03
5,681,2024-04-29
5,264,2024-05-25
5,797,2023-08-28
6,358,2024-07-10
6,332,2024-07-09
6,581,2023-06-19
6,595,2023-05-26
6,733,2024-01-03
6,472,2024-08-30
6,429,2023-08-01
6,41,2024-06-16
6,27,2023-05-16
6,323,2023-02-18
7,468,2024-05-02
7,311,2024-02-05
7,169,2024-10-18
7,789,2024-02-09
7,507,2024-07-01
7,22,2024-09-14
7,765,2024-06-28
8,799,2024-06-02
8,548,2023-02-28
9,623,2024-03-02
9,784,2023-04-15
9,562,2023-07-05
10,691,2023-12-22
10,315,2023-01-12
10,524,2024-05-21
10,276,2024-08-20
10,55,2023-01-30
10,129,2023-09-12
10,441,2023-12-05
10,569,2023-11-20
10,558,2024-01-06
10,289,2023-09-05
11,755,2024-08-26
11,204,2024-10-28
11,509,2024-05-18
12,263,2023-11-10
12,714,2022-12-25
12,391,2024-08-17
12,436,2023-03-04
12,480,2023-01-18
13,568,2024-02-13
13,151,2023-04-27
13,143,2024-02-07
13,725,2024-11-03
13,451,2024-05-17
13,781,2023-08-19
14,306,2024-06-02
14,528,2023-12-12
14,94,2024-04-28
14,605,2023-10-28
15,691,2023-12-16
15,619,2023-08-13
15,331,2024-11-09
16,470,2024-05-31
17,527,2023-03-10
17,107,2023-04-04
17,287,2024-03-07
17,645,2023-01-13
17,400,2024-07-23
17,106,2024-01-07
18,317,2023-10-30
18,502,2023-11-27
18,273,2023-09-03
18,302,2023-03-05
18,595,2023-10-28
18,459,2024-10-03
18,611,2023-01-17
18,435,2023-08-31
18,741,2023-10-04
18,674,2023-03-13
19,491,2023-04-01
19,473,2024-09-01
19,153,2024-01-16
19,393,2023-09-24
19,359,2024-06-19
19,620,2023-05-20
20,90,2023-06-18
20,523,2023-06-21
20,641,2023-10-07
21,715,2023-09-06
21,100,2024-05-24
21,709,2024-03-15
21,323,2024-10-05
22,660,2023-06-11
22,452,2024-06-28
22,135,2024-04-15
22,229,2024-09-26
22,786,2023-02-03
22,67,2023-12-08
22,410,2023-08-14
22,160,2024-04-02
22,80,2024-01-13
22,352,2024-06-19
23,283,2023-01-06
23,434,2023-03-14
23,413,2023-11-20
24,379,2023-12-18
24,41,2024-06-14
24,184,2024-09-17
24,376,2023-09-02
25,526,2022-12-10
25,70,2023-08-12
25,438,2023-11-12
25,199,2023-07-26
25,737,2024-01-14
25,794,2023-08-26
25,198,2024-02-13
25,279,2024-10-01
26,550,2023-10-27
26,134,2024-09-02
26,762,2023-08-25
26,732,2023-02-11
26,190,2023-03-03
26,55,2023-03-03
26,416,2024-08-19
27,553,2022-12-24
27,166,2024-11-13
27,29,2023-07-18
27,689,2023-01-25
27,757,2024-06-17
27,479,2023-02-13
27,269,2024-09-08
27,786,2024-11-23
27,287,2023-01-24
27,105,2024-04-14
28,372,2023-08-03
28,30,2024-02-12
28,296,2024-04-19
28,460,2024-05-26
28,319,2024-10-28
28,177,2024-07-14
28,603,2024-11-22
28,302,2024-09-20
28,683,2023-11-10
29,540,2024-09-29
29,384,2023-09-10
29,279,2024-04-16
29,124,2024-04-13
29,83,2023-01-30
29,390,2023-08-25
29,113,2023-11-07
29,104,2023-01-14
29,561,2023-03-26
30,409,2023-05-15
30,380,2022-12-18
30,96,2023-09-11
30,476,2024-11-15
31,215,2023-04-13
31,85,2023-01-22
31,661,2024-01-24
31,671,2023-05-04
31,662,2023-10-01
31,171,2024-01-20
31,256,2023-03-01
31,37,2023-02-04
32,376,2024-05-29
32,458,2024-08-05
32,678,2023-02-07
32,599,2023-06-16
32,783,2023-02-09
32,209,2024-04-27
33,106,2023-04-08
33,262,2023-08-18
33,387,2023-05-29
33,169,2023-10-14
33,713,2024-12-02
34,690,2023-12-31
34,652,2022-12-22
35,753,2023-06-24
35,754,2024-09-22
35,534,2024-03-05
35,98,2024-05-10
35,648,2024-08-30
36,246,2023-08-07
36,755,2024-09-23
36,362,2023-02-23
36,210,2023-05-02
37,104,2023-06-12
37,583,2023-12-27
38,287,2023-08-24
39,58,2023-12-16
39,311,2024-08-04
39,500,2023-07-28
39,588,2023-11-06
39,289,2023-01-25
39,654,2023-04-28
39,548,2023-03-15
39,514,2023-02-09
39,151,2024-11-25
39,94,2024-11-09
40,292,2023-05-28
40,496,2023-02-07
40,599,2024-01-27
40,248,2023-11-24
40,368,2023-12-23
40,446,2023-01-05
40,473,2024-05-21
40,488,2023-03-19
40,740,2024-08-29
41,600,2024-11-03
41,120,2023-07-13
41,132,2023-12-22
41,213,2024-07-07
41,427,2023-01-28
41,260,2023-10-16
41,190,2024-11-16
41,571,2024-05-18
41,601,2024-04-17
41,135,2024-04-05
42,256,2023-07-06
42,630,2023-02-12
42,617,2023-09-28
42,676,2023-06-06
42,276,2024-10-27
42,724,2024-10-09
42,641,2024-07-03
42,70,2024-10-02
42,370,2023-09-03
42,722,2023-08-27
43,534,2023-08-19
43,287,2024-06-01
43,451,2024-02-04
43,404,2024-05-03
44,554,2024-11-11
44,210,2024-07-31
45,613,2023-12-03
45,715,2024-02-27
45,151,2023-05-20
46,223,2023-01-05
46,612,2024-04-24
47,462,2024-02-12
47,246,2023-09-12
47,404,2024-02-20
48,104,2023-04-12
48,576,2024-11-08
48,246,2023-03-11
48,766,2024-11-30
48,369,2024-10-03
49,780,2023-07-17
49,733,2023-03-06
49,129,2024-09-20
49,521,2024-08-21
49,504,2024-02-28
50,794,2023-11-22
50,85,2024-03-04
50,704,2024-06-29
50,575,2024-02-16
50,400,2024-11-28
51,358,2023-06-16
51,355,2022-12-27
51,768,2023-01-20
51,247,2024-07-04
52,747,2023-09-22
52,284,2023-08-11
52,63,2023-04-22
52,203,2023-07-16
52,356,2024-09-15
52,550,2024-09-18
53,59,2023-04-15
53,769,2024-11-15
54,684,2023-06-11
54,463,2023-11-19
54,766,2024-09-01
54,71,2024-08-14
54,721,2024-07-01
54,118,2023-06-02
54,745,2024-04-17
55,679,2023-02-15
55,235,2023-03-26
55,762,2024-06-16
55,505,2024-02-15
55,549,2024-01-26
55,92,2024-04-15
56,351,2024-02-02
56,401,2024-05-10
56,579,2024-03-22
56,713,2022-12-25
56,734,2024-07-02
56,250,2024-09-18
57,666,2024-03-11
57,356,2024-05-01
57,726,2023-01-02
57,167,2023-11-24
57,766,2023-10-09
58,90,2024-08-19
58,783,2023-03-09
59,486,2024-06-21
59,113,2024-06-10
59,69,2023-06-06
59,98,2024-07-09
59,750,2024-08-03
59,276,2023-09-26
59,491,2024-05-17
60,609,2024-04-05
60,444,2024-05-11
60,299,2024-04-01
61,562,2022-12-24
61,468,2024-04-05
61,672,2023-10-23
62,626,2023-11-19
62,669,2023-05-10
62,490,2024-04-02
62,288,2024-06-30
62,314,2023-08-28
62,310,2023-01-15
63,171,2023-11-08
63,467,2024-10-21
63,168,2023-12-06
63,144,2023-03-13
63,709,2023-02-21
63,463,2023-06-10
63,132,2023-11-05
63,540,2023-02-15
63,737,2024-03-26
63,412,2024-12-02
64,579,2023-10-11
64,66,2024-11-07
65,399,2024-08-20
66,539,2024-10-28
66,639,2024-11-11
67,683,2024-05-19
67,776,2023-07-05
67,600,2023-04-16
67,191,2023-11-21
67,221,2024-03-13
67,383,2023-03-21
67,255,2023-06-20
67,742,2023-11-19
67,258,2024-09-07
67,86,2023-09-18
68,300,2023-10-12
69,335,2024-07-07
70,677,2023-06-10
70,118,2023-03-21
71,382,2024-03-02
71,593,2024-09-29
71,518,2023-05-23
71,330,2024-04-20
71,687,2023-11-16
71,666,2024-06-25
71,512,2023-10-07
71,267,2024-04-24
71,503,2022-12-13
71,473,2024-06-27
72,763,2024-09-19
72,389,2024-01-23
73,748,2024-10-09
73,331,2024-07-19
73,621,2024-06-20
73,182,2024-11-28
73,573,2023-05-20
73,543,2024-10-09
73,274,2024-02-10
74,738,2023-07-12
74,301,2023-10-28
74,288,2023-04-12
74,389,2023-07-25
74,547,2022-12-08
74,498,2023-08-30
74,517,2024-04-09
74,652,2023-07-25
74,661,2024-06-23
75,723,2023-02-26
75,673,2024-11-07
75,188,2023-03-27
75,118,2023-04-10
76,711,2023-11-28
77,502,2024-02-04
77,596,2023-11-04
78,95,2023-09-08
78,574,2023-01-24
78,397,2024-09-29
78,320,2024-05-20
79,158,2024-08-25
80,189,2023-02-09
80,735,2023-11-20
80,521,2024-11-12
80,318,2024-06-22
81,115,2023-05-12
81,179,2022-12-12
81,317,2024-05-28
81,409,2023-09-01
81,411,2023-02-20
81,506,2022-12-20
81,748,2024-06-08
81,340,2024-09-02
82,523,2024-07-31
82,236,2023-08-28
82,221,2023-03-05
83,488,2024-07-10
83,192,2024-02-15
83,694,2024-06-27
83,191,2023-08-25
83,589,2023-06-23
83,231,2023-06-01
83,114,2022-12-26
83,123,2023-01-11
83,306,2023-12-06
83,436,2023-06-17
84,487,2024-09-25
84,373,2024-11-22
84,165,2023-12-09
85,214,2023-03-10
85,380,2023-08-13
85,554,2024-08-15
85,294,2023-06-04
85,765,2023-08-26
86,747,2023-10-12
86,542,2024-01-13
86,648,2023-12-10
86,161,2023-03-07
86,615,2024-03-11
86,259,2024-08-06
86,242,2024-11-28
87,646,2023-07-21
87,764,2024-09-30
87,783,2024-10-21
87,659,2024-05-07
87,656,2023-12-09
87,667,2023-06-28
87,351,2023-03-11
88,518,2023-01-21
88,287,2024-09-08
89,98,2024-02-22
89,423,2024-05-10
90,632,2024-08-14
90,316,2023-09-16
91,250,2024-05-23
91,655,2023-04-01
91,495,2024-02-25
91,277,2023-01-30
91,485,2023-12-30
91,651,2024-02-13
92,404,2023-04-18
92,117,2024-01-13
92,582,2023-08-02
92,715,2024-08-16
92,647,2023-04-13
92,716,2023-04-26
92,492,2024-07-11
93,299,2024-08-19
93,576,2023-12-20
93,628,2024-03-18
93,382,2023-05-08
94,705,2024-04-03
94,458,2023-07-16
95,767,2024-01-28
95,384,2023-12-10
95,252,2024-04-18
96,541,2023-04-30
96,370,2023-04-28
97,193,2023-06-25
97,794,2023-09-04
97,326,2023-11-21
97,521,2024-01-09
97,398,2024-05-31
98,174,2023-08-18
98,496,2023-03-10
99,615,2024-05-03
99,318,2024-11-13
99,601,2024-07-31
99,125,2023-02-26
99,233,2024-11-02
99,223,2024-05-01
99,662,2024-02-26
100,512,2022-12-30
100,784,2023-05-18
100,237,2024-11-10
100,165,2023-08-01
100,363,2024-05-07
100,242,2023-07-02
100,459,2023-01-22
100,778,2024-03-02
101,191,2023-03-28
101,704,2024-08-05
102,563,2023-04-12
102,309,2024-01-14
102,263,2024-11-13
102,383,2023-04-07
102,241,2023-03-25
102,568,2024-01-29
102,399,2024-08-09
102,162,2024-07-16
103,215,2023-05-28
103,635,2023-04-11
103,456,2023-03-27
103,267,2024-08-27
103,651,2023-06-11
103,416,2024-06-15
103,709,2023-03-20
103,203,2024-05-26
104,629,2023-11-26
104,498,2024-06-15
104,733,2023-10-20
104,422,2023-07-23
104,613,2024-08-05
104,687,2024-05-26
105,339,2024-03-22
105,110,2024-02-03
105,432,2024-05-18
105,741,2023-04-27
105,148,2023-07-02
105,650,2024-11-22
105,259,2023-09-18
105,434,2024-11-28
106,503,2024-11-20
107,586,2024-02-03
107,296,2023-11-11
107,402,2024-06-02
108,703,2023-10-20
108,347,2024-01-25
108,616,2024-06-26
108,553,2024-07-12
108,267,2024-02-03
108,693,2023-05-04
108,311,2023-05-14
108,552,2024-07-17
109,380,2024-06-22
109,149,2024-09-11
109,294,2024-11-05
109,733,2024-04-30
109,436,2024-11-26
110,358,2023-03-22
110,438,2023-02-15
110,244,2024-02-06
110,662,2023-03-22
110,327,2023-10-20
110,764,2023-12-21
110,370,2023-04-06
111,412,2023-04-19
112,360,2022-12-28
112,657,2024-01-17
113,568,2023-03-08
113,445,2024-03-08
113,287,2023-12-23
113,404,2023-01-01
114,158,2024-09-14
114,766,2023-05-06
114,773,2022-12-08
114,242,2024-04-12
114,151,2024-07-03
114,783,2023-03-17
114,424,2023-04-25
114,493,2023-11-14
115,558,2023-06-10
115,124,2024-07-05
115,377,2024-06-11
116,620,2023-12-01
116,148,2024-01-25
116,373,2023-02-22
116,455,2024-04-12
116,384,2024-08-06
116,167,2024-06-15
116,536,2024-05-16
116,434,2022-12-16
116,586,2024-02-12
117,503,2023-06-25
117,762,2023-01-07
118,274,2023-04-20
118,310,2023-02-24
119,683,2024-05-14
119,619,2024-10-26
119,157,2022-12-24
120,775,2024-07-18
120,160,2023-11-09
120,265,2024-10-18
120,799,2023-08-14
121,599,2024-03-19
122,467,2024-05-24
122,661,2023-04-26
122,776,2023-12-10
122,536,2024-05-31
122,688,2024-03-19
122,739,2023-04-07
122,291,2024-04-19
123,301,2022-12-26
123,404,2024-10-30
123,793,2023-12-02
124,530,2023-09-02
125,642,2023-01-02
125,773,2023-01-22
125,442,2023-09-05
125,371,2023-01-12
125,667,2023-09-15
125,144,2023-10-09
125,500,2023-07-10
126,191,2023-07-20
126,364,2024-09-01
126,498,2023-08-28
126,340,2023-05-15
126,270,2024-02-09
126,713,2024-05-13
126,387,2024-02-03
126,737,2024-02-10
127,258,2023-10-31
127,143,2023-07-28
127,552,2023-09-12
127,159,2023-06-13
127,146,2023-11-10
127,167,2023-08-09
127,422,2023-11-19
127,189,2024-01-06
127,708,2024-11-12
128,728,2024-11-01
129,779,2024-08-16
129,179,2024-01-11
129,331,2023-05-31
129,356,2024-07-13
130,555,2023-12-16
130,677,2023-04-17
130,609,2023-05-08
130,705,2023-05-05
130,530,2023-07-11
130,687,2023-05-05
130,791,2023-11-05
130,228,2023-09-10
130,800,2024-03-18
131,586,2024-03-18
131,442,2022-12-17
131,767,2024-10-22
131,423,2023-03-17
131,697,2023-08-01
131,663,2024-09-18
132,555,2024-04-25
132,216,2024-02-23
132,653,2024-04-27
132,721,2023-10-30
134,174,2024-02-01
134,752,2023-12-18
134,320,2024-01-06
134,143,2024-11-27
135,666,2024-08-15
135,141,2024-04-04
135,412,2024-05-20
135,751,2023-08-06
135,176,2023-08-24
135,430,2024-06-22
136,640,2023-07-22
136,324,2023-08-02
136,386,2023-08-22
136,428,2024-06-04
136,731,2024-04-21
137,587,2023-04-03
137,270,2024-10-06
137,193,2024-03-11
137,607,2023-09-02
137,634,2023-10-21
137,768,2024-05-18
137,383,2023-06-10
138,223,2023-04-27
138,528,2024-04-12
138,581,2023-06-04
138,773,2024-02-13
139,674,2023-08-31
139,774,2024-01-26
139,763,2023-08-10
139,296,2024-01-21
139,642,2024-08-11
139,229,2023-07-30
140,358,2023-04-15
140,231,2022-12-27
141,372,2024-02-15
141,648,2024-02-08
141,659,2023-05-01
141,343,2023-06-03
141,327,2023-03-30
141,350,2024-04-10
142,580,2024-01-11
142,475,2023-05-24
142,594,2024-03-20
142,425,2024-11-25
142,153,2023-08-18
142,314,2023-04-04
143,692,2024-03-04
143,158,2023-08-07
143,539,2023-10-29
143,257,2024-06-23
143,267,2024-02-29
143,274,2023-12-09
143,414,2023-10-09
144,646,2023-06-02
144,674,2023-04-01
144,620,2023-11-20
144,456,2023-03-15
145,456,2024-04-19
145,774,2023-08-16
145,356,2023-11-15
146,564,2024-02-17
146,196,2024-04-17
147,225,2024-03-09
147,595,2024-08-24
147,454,2024-08-21
147,573,2023-09-28
147,411,2023-07-22
147,676,2024-05-08
147,667,2023-03-10
148,306,2024-01-03
148,622,2023-06-10
148,640,2024-01-03
148,381,2023-04-23
148,184,2023-01-31
148,675,2023-07-15
149,777,2023-03-21
149,634,2023-12-11
149,230,2023-11-27
149,723,2024-06-14
149,312,2024-03-20
149,369,2023-08-26
150,188,2024-03-22
151,589,2024-04-01
151,656,2023-07-25
151,638,2023-02-22
151,608,2023-04-26
151,170,2023-04-25
151,540,2023-06-02
151,523,2023-06-08
152,361,2024-06-30
152,591,2023-08-16
152,699,2023-12-31
152,359,2024-08-06
153,244,2023-03-13
153,651,2024-09-10
153,674,2024-07-10
153,367,2023-09-08
153,469,2023-03-04
153,468,2023-12-14
154,643,2023-02-21
154,534,2024-05-03
154,538,2022-12-14
154,305,2024-03-14
154,655,2023-08-16
154,393,2023-05-05
155,587,2024-02-03
155,726,2022-12-18
155,453,2024-02-04
155,475,2023-08-16
155,550,2024-08-16
155,274,2024-02-04
155,319,2024-07-04
156,425,2024-03-16
156,239,2024-05-17
156,550,2023-06-21
157,560,2022-12-05
157,675,2022-12-06
157,258,2024-05-22
157,778,2023-09-16
157,495,2024-07-03
157,255,2023-09-07
157,549,2024-10-18
158,372,2023-02-20
158,635,2024-06-04
158,478,2024-06-02
158,598,2024-02-18
158,428,2023-03-13
158,536,2023-11-25
158,225,2024-02-08
158,171,2024-04-01
158,671,2024-08-24
159,166,2023-11-08
159,231,2024-07-17
159,505,2024-02-22
160,772,2023-12-10
160,653,2023-05-26
160,167,2023-01-06
160,619,2023-01-03
160,430,2023-12-07
161,738,2024-11-03
162,375,2023-08-08
